Location,Crop,Year,Site_crop_yr,Rep,Soil,EU,Cover Crop,PRE,Yield,Stand Count,Weeds,Weed_Control,Weed_Count,Weed_Biomass,AMBEL,CHEAL,AMATU,POA,AMBTR,TAROF,VERPG,CABPA,GASCI,Nightshade,POLPE,AMARE
Arlington,Corn,2019,ARL_CN_19,1,CT,101,N,N,11412.77172,61242.2482,Y,85,32.29174515,3.767370268,32.29174515,0,0,0,0,0,0,0,0,0,0,0
Arlington,Corn,2019,ARL_CN_19,1,CT,102,N,Y,9434.6124,61242.2482,Y,97,113.021108,0.005381958,102.257193,10.76391505,0,0,0,0,0,0,0,0,0,0
Arlington,Corn,2019,ARL_CN_19,1,NT,103,N,N,11890.43562,61242.2482,Y,78,118.4030656,8.611132041,96.87523546,0,0,21.5278301,0,0,0,0,0,0,0,0
Arlington,Corn,2019,ARL_CN_19,1,NT,104,N,Y,13908.60079,78740.03341,Y,95,75.34740536,0.538195753,75.34740536,0,0,0,0,0,0,0,0,0,0,0
Arlington,Corn,2019,ARL_CN_19,1,CCET,105,Y,N,13704.58204,78740.03341,Y,79,247.5700462,16.14587258,247.5700462,0,0,0,0,0,0,0,0,0,0,0
Arlington,Corn,2019,ARL_CN_19,1,CCET,106,Y,Y,13587.89535,69991.14081,Y,98,48.43761773,0.538195753,43.0556602,0,0,5.381957526,0,0,0,0,0,0,0,0
Arlington,Corn,2019,ARL_CN_19,1,CCPT,107,Y,N,14293.0671,61242.2482,Y,90,53.81957526,0.005381958,48.43761773,5.381957526,0,0,0,0,0,0,0,0,0,0
Arlington,Corn,2019,ARL_CN_19,1,CCPT,108,Y,Y,14531.34834,74365.58711,Y,95,32.29174515,1.076391505,32.29174515,0,0,0,0,0,0,0,0,0,0,0
Arlington,Corn,2019,ARL_CN_19,1,CCLT,109,Y,N,11064.57882,78740.03341,Y,98,26.90978763,1.076391505,26.90978763,0,0,0,0,0,0,0,0,0,0,0
Arlington,Corn,2019,ARL_CN_19,1,CCLT,110,Y,Y,11345.23641,74365.58711,Y,99,48.43761773,1.076391505,48.43761773,0,0,0,0,0,0,0,0,0,0,0
Arlington,Corn,2019,ARL_CN_19,1,CCFH,111,Y,N,12099.58228,78740.03341,Y,86,96.87523546,5.381957526,96.87523546,0,0,0,0,0,0,0,0,0,0,0
Arlington,Corn,2019,ARL_CN_19,1,CCFH,112,Y,Y,11609.9426,74365.58711,Y,98,26.90978763,0.538195753,26.90978763,0,0,0,0,0,0,0,0,0,0,0
Arlington,Corn,2019,ARL_CN_19,2,CCET,201,Y,Y,13504.91966,78740.03341,Y,95,204.514386,4.843761773,204.514386,0,0,0,0,0,0,0,0,0,0,0
Arlington,Corn,2019,ARL_CN_19,2,CCET,202,Y,N,13101.04892,78740.03341,Y,78,209.8963435,4.843761773,182.9865559,0,0,26.90978763,0,0,0,0,0,0,0,0
Arlington,Corn,2019,ARL_CN_19,2,CCPT,203,Y,N,13018.24242,74365.58711,Y,92,80.72936288,4.30556602,80.72936288,0,0,0,0,0,0,0,0,0,0,0
Arlington,Corn,2019,ARL_CN_19,2,CCLT,204,Y,Y,11187.04279,69991.14081,Y,98,59.20153278,1.076391505,59.20153278,0,0,0,0,0,0,0,0,0,0,0
Arlington,Corn,2019,ARL_CN_19,2,CCPT,205,Y,Y,13227.41991,65616.69451,Y,94,53.81957526,2.15278301,53.81957526,0,0,0,0,0,0,0,0,0,0,0
Arlington,Corn,2019,ARL_CN_19,2,CCFH,206,Y,N,12008.55709,74365.58711,Y,80,156.0767682,5.381957526,156.0767682,0,0,0,0,0,0,0,0,0,0,0
Arlington,Corn,2019,ARL_CN_19,2,CCFH,207,Y,Y,13882.26756,74365.58711,Y,96,48.43761773,0.538195753,48.43761773,0,0,0,0,0,0,0,0,0,0,0
Arlington,Corn,2019,ARL_CN_19,2,CCLT,208,Y,N,11549.5889,78740.03341,Y,99,0,0,0,0,0,0,0,0,0,0,0,0,0,0
Arlington,Corn,2019,ARL_CN_19,2,NT,209,N,N,13596.70675,78740.03341,Y,90,37.67370268,4.30556602,37.67370268,0,0,0,0,0,0,0,0,0,0,0
Arlington,Corn,2019,ARL_CN_19,2,NT,210,N,Y,14205.18934,69991.14081,Y,95,145.3128532,1.076391505,145.3128532,0,0,0,0,0,0,0,0,0,0,0
Arlington,Corn,2019,ARL_CN_19,2,CT,211,N,Y,13497.8078,69991.14081,Y,97,32.29174515,5.381957526,32.29174515,0,0,0,0,0,0,0,0,0,0,0
Arlington,Corn,2019,ARL_CN_19,2,CT,212,N,N,13810.62368,69991.14081,Y,83,161.4587258,10.76391505,161.4587258,0,0,0,0,0,0,0,0,0,0,0
Arlington,Corn,2019,ARL_CN_19,3,CT,301,N,Y,12221.04502,83114.47971,Y,98,64.58349031,1.614587258,64.58349031,0,0,0,0,0,0,0,0,0,0,0
Arlington,Corn,2019,ARL_CN_19,3,CT,302,N,N,12058.67617,69991.14081,Y,87,107.6391505,5.381957526,102.257193,0,0,5.381957526,0,0,0,0,0,0,0,0
Arlington,Corn,2019,ARL_CN_19,3,NT,303,N,Y,13912.10778,78740.03341,Y,97,113.021108,1.076391505,113.021108,0,0,0,0,0,0,0,0,0,0,0
Arlington,Corn,2019,ARL_CN_19,3,NT,304,N,N,14594.32457,74365.58711,Y,94,64.58349031,3.229174515,53.81957526,5.381957526,0,5.381957526,0,0,0,0,0,0,0,0
Arlington,Corn,2019,ARL_CN_19,3,CCFH,305,Y,Y,12477.42231,74365.58711,Y,94,252.9520037,0.538195753,252.9520037,0,0,0,0,0,0,0,0,0,0,0
Arlington,Corn,2019,ARL_CN_19,3,CCET,306,Y,N,13371.27264,74365.58711,Y,10,242.1880887,26.90978763,242.1880887,0,0,0,0,0,0,0,0,0,0,0
Arlington,Corn,2019,ARL_CN_19,3,CCET,307,Y,Y,14581.6894,69991.14081,Y,98,75.34740536,1.614587258,75.34740536,0,0,0,0,0,0,0,0,0,0,0
Arlington,Corn,2019,ARL_CN_19,3,CCLT,308,Y,Y,10855.37513,74365.58711,Y,99,26.90978763,0.538195753,26.90978763,0,0,0,0,0,0,0,0,0,0,0
Arlington,Corn,2019,ARL_CN_19,3,CCPT,309,Y,Y,14286.13059,74365.58711,Y,98,26.90978763,0,26.90978763,0,0,0,0,0,0,0,0,0,0,0
Arlington,Corn,2019,ARL_CN_19,3,CCPT,310,Y,N,13965.82402,69991.14081,Y,97,69.96544783,1.076391505,69.96544783,0,0,0,0,0,0,0,0,0,0,0
Arlington,Corn,2019,ARL_CN_19,3,CCLT,311,Y,N,11024.34714,69991.14081,Y,99,10.76391505,0.538195753,10.76391505,0,0,0,0,0,0,0,0,0,0,0
Arlington,Corn,2019,ARL_CN_19,3,CCFH,312,Y,N,12254.62885,69991.14081,Y,95,75.34740536,4.30556602,75.34740536,0,0,0,0,0,0,0,0,0,0,0
Arlington,Corn,2019,ARL_CN_19,4,CCET,401,Y,Y,14815.3364,74365.58711,Y,98,32.29174515,0.538195753,32.29174515,0,0,0,0,0,0,0,0,0,0,0
Arlington,Corn,2019,ARL_CN_19,4,CCLT,402,Y,Y,10711.64572,69991.14081,Y,99,10.76391505,0,10.76391505,0,0,0,0,0,0,0,0,0,0,0
Arlington,Corn,2019,ARL_CN_19,4,CCFH,403,Y,N,13494.44379,74365.58711,Y,84,231.4241736,10.76391505,231.4241736,0,0,0,0,0,0,0,0,0,0,0
Arlington,Corn,2019,ARL_CN_19,4,CCFH,404,Y,Y,13318.34797,78740.03341,Y,97,10.76391505,1.076391505,10.76391505,0,0,0,0,0,0,0,0,0,0,0
Arlington,Corn,2019,ARL_CN_19,4,CCLT,405,Y,N,11384.3474,78740.03341,Y,99,5.381957526,0,5.381957526,0,0,0,0,0,0,0,0,0,0,0
Arlington,Corn,2019,ARL_CN_19,4,CCPT,406,Y,N,14424.99416,74365.58711,Y,93,53.81957526,2.690978763,53.81957526,0,0,0,0,0,0,0,0,0,0,0
Arlington,Corn,2019,ARL_CN_19,4,NT,407,N,Y,14590.65881,65616.69451,Y,98,53.81957526,0.538195753,53.81957526,0,0,0,0,0,0,0,0,0,0,0
Arlington,Corn,2019,ARL_CN_19,4,CT,408,N,Y,14978.33189,83114.47971,Y,99,26.90978763,0.005381958,26.90978763,0,0,0,0,0,0,0,0,0,0,0
Arlington,Corn,2019,ARL_CN_19,4,CT,409,N,N,14019.63738,74365.58711,Y,92,64.58349031,5.381957526,64.58349031,0,0,0,0,0,0,0,0,0,0,0
Arlington,Corn,2019,ARL_CN_19,4,NT,410,N,N,14782.61892,69991.14081,Y,94,53.81957526,0.005381958,48.43761773,0,0,5.381957526,0,0,0,0,0,0,0,0
Arlington,Corn,2019,ARL_CN_19,4,CCPT,411,Y,Y,13741.90408,69991.14081,Y,99,26.90978763,0.005381958,26.90978763,0,0,0,0,0,0,0,0,0,0,0
Arlington,Corn,2019,ARL_CN_19,4,CCET,412,Y,N,14232.43053,69991.14081,Y,90,102.257193,16.14587258,102.257193,0,0,0,0,0,0,0,0,0,0,0
Arlington,Corn,2020,ARL_CN_20,1,CT,101,N,N,14471.60548,52493.3556,Y,5,1054.718584,46.07937192,2.499333136,35.82377495,0,1016.395475,0,0,0,0,0,0,0,0
Arlington,Corn,2020,ARL_CN_20,1,CT,102,N,Y,14169.54999,52493.3556,Y,97,3.332444182,0.54152218,0,0,0,3.332444182,0,0,0,0,0,0,0,0
Arlington,Corn,2020,ARL_CN_20,1,NT,103,N,N,11205.1242,56867.8019,Y,8,982.2379226,60.10896193,0,14.16288777,0,968.0750348,0,0,0,0,0,0,0,0
Arlington,Corn,2020,ARL_CN_20,1,NT,104,N,Y,12604.13436,43744.463,Y,98,0,0,0,0,0,0,0,0,0,0,0,0,0,0
Arlington,Corn,2020,ARL_CN_20,1,CCET,105,Y,N,9959.700009,52493.3556,Y,4,339.0761955,55.37689119,7.497999409,8.331110454,0,323.2470856,0,0,0,0,0,0,0,0
Arlington,Corn,2020,ARL_CN_20,1,CCET,106,Y,Y,12634.01003,52493.3556,Y,98,13.32977673,0.099973325,0.833111045,0,0,12.49666568,0,0,0,0,0,0,0,0
Arlington,Corn,2020,ARL_CN_20,1,CCPT,107,Y,N,9753.136568,48118.9093,Y,20,316.5821973,29.55044878,0.833111045,25.82644241,0,289.9226438,0,0,0,0,0,0,0,0
Arlington,Corn,2020,ARL_CN_20,1,CCPT,108,Y,Y,11518.24646,56867.8019,Y,97,8.331110454,0.108304436,0,0,0,8.331110454,0,0,0,0,0,0,0,0
Arlington,Corn,2020,ARL_CN_20,1,CCLT,109,Y,N,7673.719556,52493.3556,Y,98,1.666222091,0.049986663,0,0,0,1.666222091,0,0,0,0,0,0,0,0
Arlington,Corn,2020,ARL_CN_20,1,CCLT,110,Y,Y,8953.567188,48118.9093,Y,99,0.833111045,0.024993331,0,0,0,0.833111045,0,0,0,0,0,0,0,0
Arlington,Corn,2020,ARL_CN_20,1,CCFH,111,Y,N,10425.68989,52493.3556,Y,20,419.8879669,37.23173262,0,0,0,419.8879669,0,0,0,0,0,0,0,0
Arlington,Corn,2020,ARL_CN_20,1,CCFH,112,Y,Y,11365.52837,52493.3556,Y,98,9.1642215,0.099973325,0,0,0,9.1642215,0,0,0,0,0,0,0,0
Arlington,Corn,2020,ARL_CN_20,2,CCPT,201,Y,Y,12112.03092,52493.3556,Y,99,0,0,0,0,0,0,0,0,0,0,0,0,0,0
Arlington,Corn,2020,ARL_CN_20,2,CCLT,202,Y,Y,8411.577205,52493.3556,Y,99,0,0,0,0,0,0,0,0,0,0,0,0,0,0
Arlington,Corn,2020,ARL_CN_20,2,CCET,203,Y,Y,11017.52894,48118.9093,Y,99,0,0,0,0,0,0,0,0,0,0,0,0,0,0
Arlington,Corn,2020,ARL_CN_20,2,CCPT,204,Y,N,10729.29241,61242.2482,Y,90,18.328443,1.516262103,0,17.49533195,0,0.833111045,0,0,0,0,0,0,0,0
Arlington,Corn,2020,ARL_CN_20,2,CCLT,205,Y,N,9090.406243,56867.8019,Y,98,4.165555227,0.074979994,0.833111045,0,0,3.332444182,0,0,0,0,0,0,0,0
Arlington,Corn,2020,ARL_CN_20,2,CCFH,206,Y,N,11187.59389,56867.8019,Y,80,112.4699911,3.765661925,4.165555227,22.49399823,0,85.81043768,0,0,0,0,0,0,0,0
Arlington,Corn,2020,ARL_CN_20,2,CCET,207,Y,N,9386.050271,48118.9093,Y,6,386.5635251,42.42201443,0,16.66222091,0,369.9013042,0,0,0,0,0,0,0,0
Arlington,Corn,2020,ARL_CN_20,2,CCFH,208,Y,Y,10850.44376,52493.3556,Y,99,3.332444182,0.024993331,0,0,0,3.332444182,0,0,0,0,0,0,0,0
Arlington,Corn,2020,ARL_CN_20,2,NT,209,N,Y,11123.4908,52493.3556,Y,98,12.49666568,45.3462342,0,0,0,12.49666568,0,0,0,0,0,0,0,0
Arlington,Corn,2020,ARL_CN_20,2,NT,210,N,N,10131.45631,52493.3556,Y,20,377.3993036,0.108304436,0,7.497999409,0,369.9013042,0,0,0,0,0,0,0,0
Arlington,Corn,2020,ARL_CN_20,2,CT,211,N,Y,12571.69936,52493.3556,Y,95,9.997332545,40.20593905,0,0,0,9.997332545,0,0,0,0,0,0,0,0
Arlington,Corn,2020,ARL_CN_20,2,CT,212,N,N,11455.13612,52493.3556,Y,10,536.5235133,0,0,31.65821973,0,504.8652935,0,0,0,0,0,0,0,0
Arlington,Corn,2020,ARL_CN_20,3,CT,301,N,Y,13808.29481,56867.8019,Y,99,0,15.83744097,0,0,0,0,0,0,0,0,0,0,0,0
Arlington,Corn,2020,ARL_CN_20,3,CT,302,N,N,12291.58054,52493.3556,Y,13,259.9306462,0,29.15888659,63.31643945,0,167.4553201,0,0,0,0,0,0,0,0
Arlington,Corn,2020,ARL_CN_20,3,NT,303,N,Y,13211.4558,56867.8019,Y,99,0,42.77192107,0,0,0,0,0,0,0,0,0,0,0,0
Arlington,Corn,2020,ARL_CN_20,3,NT,304,N,N,12480.90425,56867.8019,Y,52,96.64088127,0,0.833111045,11.66355464,0,84.14421559,0,0,0,0,0,0,0,0
Arlington,Corn,2020,ARL_CN_20,3,CCFH,305,Y,Y,12710.70667,52493.3556,Y,99,0,0,0,0,0,0,0,0,0,0,0,0,0,0
Arlington,Corn,2020,ARL_CN_20,3,CCLT,306,Y,Y,9609.402152,48118.9093,Y,99,0,0,0,0,0,0,0,0,0,0,0,0,0,0
Arlington,Corn,2020,ARL_CN_20,3,CCLT,307,Y,N,7544.929857,48118.9093,Y,99,0,15.02932326,0,0,0,0,0,0,0,0,0,0,0,0
Arlington,Corn,2020,ARL_CN_20,3,CCFH,308,Y,N,10436.6101,52493.3556,Y,70,123.3004347,7.914554932,0,17.49533195,0,105.8051028,0,0,0,0,0,0,0,0
Arlington,Corn,2020,ARL_CN_20,3,CCPT,309,Y,N,9431.870014,56867.8019,Y,35,99.97332545,0,0,5.831777318,0,94.14154813,0,0,0,0,0,0,0,0
Arlington,Corn,2020,ARL_CN_20,3,CCPT,310,Y,Y,10453.83364,56867.8019,Y,98,0,24.71007361,0,0,0,0,0,0,0,0,0,0,0,0
Arlington,Corn,2020,ARL_CN_20,3,CCET,311,Y,N,12176.28123,61242.2482,Y,15,162.4566539,0.166622209,0.833111045,1.666222091,0,159.9573207,0,0,0,0,0,0,0,0
Arlington,Corn,2020,ARL_CN_20,3,CCET,312,Y,Y,11612.73624,61242.2482,Y,99,0,3.499066391,0,0,0,0,0,0,0,0,0,0,0,0
Arlington,Corn,2020,ARL_CN_20,4,CCET,401,Y,N,12775.44141,56867.8019,Y,75,25.82644241,0,0,6.664888363,0,19.16155404,0,0,0,0,0,0,0,0
Arlington,Corn,2020,ARL_CN_20,4,CCFH,402,Y,Y,13177.4731,52493.3556,Y,99,0,0,0,0,0,0,0,0,0,0,0,0,0,0
Arlington,Corn,2020,ARL_CN_20,4,CCFH,403,Y,N,11862.42674,56867.8019,Y,28,209.1108724,17.54531862,10.83044359,10.83044359,0,187.4499852,0,0,0,0,0,0,0,0
Arlington,Corn,2020,ARL_CN_20,4,CCPT,404,Y,Y,12309.14014,48118.9093,Y,99,0,0,0,0,0,0,0,0,0,0,0,0,0,0
Arlington,Corn,2020,ARL_CN_20,4,CCLT,405,Y,Y,8222.678005,52493.3556,Y,99,0,0,0,0,0,0,0,0,0,0,0,0,0,0
Arlington,Corn,2020,ARL_CN_20,4,CCPT,406,Y,N,10504.95241,52493.3556,Y,70,124.1335458,10.76379471,54.985329,10.83044359,0,58.31777318,0,0,0,0,0,0,0,0
Arlington,Corn,2020,ARL_CN_20,4,NT,407,N,N,11204.7038,56867.8019,Y,80,23.32710927,3.282457519,10.83044359,4.165555227,0,8.331110454,0,0,0,0,0,0,0,0
Arlington,Corn,2020,ARL_CN_20,4,NT,408,N,N,12313.37666,52493.3556,Y,99,0,0,0,0,0,0,0,0,0,0,0,0,0,0
Arlington,Corn,2020,ARL_CN_20,4,NT,409,N,N,10949.80752,56867.8019,Y,25,244.9346474,46.29598079,17.49533195,16.66222091,0,210.7770945,0,0,0,0,0,0,0,0
Arlington,Corn,2020,ARL_CN_20,4,NT,410,N,Y,12563.77935,48118.9093,Y,97,0,0,0,0,0,0,0,0,0,0,0,0,0,0
Arlington,Corn,2020,ARL_CN_20,4,CCET,411,Y,Y,12285.01631,48118.9093,Y,99,0,0,0,0,0,0,0,0,0,0,0,0,0,0
Arlington,Corn,2020,ARL_CN_20,4,CCLT,412,Y,N,8437.929903,52493.3556,Y,99,0,0,0,0,0,0,0,0,0,0,0,0,0,0
Arlington,Soybean,2019,ARL_SB_19,1,CT,101,N,N,3108.324824,113735.6038,Y,98,91.49327794,2.15278301,0,59.20153278,0,32.29174515,0,0,0,0,0,0,0,0
Arlington,Soybean,2019,ARL_SB_19,1,CT,102,N,Y,2936.195129,91863.37231,Y,97,91.49327794,4.843761773,69.96544783,21.5278301,0,0,0,0,0,0,0,0,0,0
Arlington,Soybean,2019,ARL_SB_19,1,NT,103,N,N,3516.851558,122484.4964,Y,99.9,43.0556602,1.614587258,10.76391505,0,0,32.29174515,0,0,0,0,0,0,0,0
Arlington,Soybean,2019,ARL_SB_19,1,NT,104,N,Y,2922.671722,135607.8353,Y,99.9,0,0,0,0,0,0,0,0,0,0,0,0,0,0
Arlington,Soybean,2019,ARL_SB_19,1,CCET,105,Y,N,2680.003887,113735.6038,Y,99,37.67370268,0.005381958,0,16.14587258,0,21.5278301,0,0,0,0,0,0,0,0
Arlington,Soybean,2019,ARL_SB_19,1,CCET,106,Y,Y,3443.988211,122484.4964,Y,99,26.90978763,0.005381958,0,0,0,26.90978763,0,0,0,0,0,0,0,0
Arlington,Soybean,2019,ARL_SB_19,1,CCPT,107,Y,N,3269.311343,135607.8353,Y,98,69.96544783,1.614587258,0,64.58349031,0,5.381957526,0,0,0,0,0,0,0,0
Arlington,Soybean,2019,ARL_SB_19,1,CCPT,108,Y,Y,3171.800878,113735.6038,Y,99,10.76391505,1.076391505,5.381957526,0,0,5.381957526,0,0,0,0,0,0,0,0
Arlington,Soybean,2019,ARL_SB_19,1,CCLT,109,Y,N,3227.266721,131233.389,Y,99.9,0,0,0,0,0,0,0,0,0,0,0,0,0,0
Arlington,Soybean,2019,ARL_SB_19,1,CCLT,110,Y,Y,3314.184244,161854.5131,Y,99.9,5.381957526,0.005381958,5.381957526,0,0,0,0,0,0,0,0,0,0,0
Arlington,Soybean,2019,ARL_SB_19,1,CCFH,111,Y,N,2936.189514,135607.8353,Y,99.9,0,0,0,0,0,0,0,0,0,0,0,0,0,0
Arlington,Soybean,2019,ARL_SB_19,1,CCFH,112,Y,Y,2798.204651,157480.0668,Y,99.9,0,0,0,0,0,0,0,0,0,0,0,0,0,0
Arlington,Soybean,2019,ARL_SB_19,2,CCPT,201,Y,Y,3184.629193,109361.1575,Y,99,0,0,0,0,0,0,0,0,0,0,0,0,0,0
Arlington,Soybean,2019,ARL_SB_19,2,CCLT,202,Y,Y,2963.686621,104986.7112,Y,99.9,0,13.99308957,0,0,0,0,0,0,0,0,0,0,0,0
Arlington,Soybean,2019,ARL_SB_19,2,CCET,203,Y,Y,2960.479168,148731.1742,Y,99,5.381957526,0.005381958,5.381957526,0,0,0,0,0,0,0,0,0,0,0
Arlington,Soybean,2019,ARL_SB_19,2,CCPT,204,Y,N,3404.35002,131233.389,Y,99,75.34740536,1.614587258,0,75.34740536,0,0,0,0,0,0,0,0,0,0
Arlington,Soybean,2019,ARL_SB_19,2,CCLT,205,Y,N,3606.184871,161854.5131,Y,99.9,0,0,0,0,0,0,0,0,0,0,0,0,0,0
Arlington,Soybean,2019,ARL_SB_19,2,CCFH,206,Y,N,3366.253608,157480.0668,Y,99,5.381957526,0.005381958,5.381957526,0,0,0,0,0,0,0,0,0,0,0
Arlington,Soybean,2019,ARL_SB_19,2,CCET,207,Y,N,3094.108572,109361.1575,Y,99.9,129.1669806,6.458349031,0,21.5278301,0,107.6391505,0,0,0,0,0,0,0,0
Arlington,Soybean,2019,ARL_SB_19,2,CCFH,208,Y,Y,3016.452199,113735.6038,Y,99.9,21.5278301,1.076391505,0,0,0,21.5278301,0,0,0,0,0,0,0,0
Arlington,Soybean,2019,ARL_SB_19,2,NT,209,N,Y,2931.052124,135607.8353,Y,99.9,80.72936288,2.15278301,0,0,0,80.72936288,0,0,0,0,0,0,0,0
Arlington,Soybean,2019,ARL_SB_19,2,NT,210,N,N,2967.932781,139982.2816,Y,99,59.20153278,3.229174515,0,21.5278301,0,37.67370268,0,0,0,0,0,0,0,0
Arlington,Soybean,2019,ARL_SB_19,2,CT,211,N,Y,3231.22616,122484.4964,Y,99,10.76391505,0.005381958,0,0,0,10.76391505,0,0,0,0,0,0,0,0
Arlington,Soybean,2019,ARL_SB_19,2,CT,212,N,N,3090.971114,109361.1575,Y,99.9,37.67370268,0.005381958,0,37.67370268,0,0,0,0,0,0,0,0,0,0
Arlington,Soybean,2019,ARL_SB_19,3,CT,301,N,Y,3291.363378,91863.37231,Y,99,5.381957526,0.005381958,5.381957526,0,0,0,0,0,0,0,0,0,0,0
Arlington,Soybean,2019,ARL_SB_19,3,CT,302,N,N,3187.231014,122484.4964,Y,97,53.81957526,0.005381958,0,53.81957526,0,0,0,0,0,0,0,0,0,0
Arlington,Soybean,2019,ARL_SB_19,3,NT,303,N,Y,3211.94476,109361.1575,Y,99,5.381957526,0.005381958,0,0,0,5.381957526,0,0,0,0,0,0,0,0
Arlington,Soybean,2019,ARL_SB_19,3,NT,304,N,N,3079.873604,135607.8353,Y,99.9,16.14587258,0.005381958,0,0,0,16.14587258,0,0,0,0,0,0,0,0
Arlington,Soybean,2019,ARL_SB_19,3,CCFH,305,Y,Y,3726.190553,126858.9427,Y,99,10.76391505,0.005381958,10.76391505,0,0,0,0,0,0,0,0,0,0,0
Arlington,Soybean,2019,ARL_SB_19,3,CCLT,306,Y,Y,3179.565542,170603.4057,Y,99.9,10.76391505,0.005381958,10.76391505,0,0,0,0,0,0,0,0,0,0,0
Arlington,Soybean,2019,ARL_SB_19,3,CCLT,307,Y,N,3090.902241,148731.1742,Y,99.9,0,0,0,0,0,0,0,0,0,0,0,0,0,0
Arlington,Soybean,2019,ARL_SB_19,3,CCFH,308,Y,N,2321.383011,139982.2816,Y,99,53.81957526,2.690978763,5.381957526,26.90978763,0,21.5278301,0,0,0,0,0,0,0,0
Arlington,Soybean,2019,ARL_SB_19,3,CCPT,309,Y,N,3238.771479,131233.389,Y,99,21.5278301,0.538195753,0,16.14587258,0,5.381957526,0,0,0,0,0,0,0,0
Arlington,Soybean,2019,ARL_SB_19,3,CCPT,310,Y,Y,3140.096539,131233.389,Y,99.9,0,0,0,0,0,0,0,0,0,0,0,0,0,0
Arlington,Soybean,2019,ARL_SB_19,3,CCET,311,Y,N,3255.184925,148731.1742,Y,98,53.81957526,0.005381958,5.381957526,26.90978763,0,21.5278301,0,0,0,0,0,0,0,0
Arlington,Soybean,2019,ARL_SB_19,3,CCET,312,Y,Y,2801.023946,135607.8353,Y,99,10.76391505,0.005381958,10.76391505,0,0,0,0,0,0,0,0,0,0,0
Arlington,Soybean,2019,ARL_SB_19,4,CCET,401,Y,N,3022.478573,139982.2816,Y,99.9,16.14587258,0.538195753,0,16.14587258,0,0,0,0,0,0,0,0,0,0
Arlington,Soybean,2019,ARL_SB_19,4,CCFH,402,Y,Y,2929.634991,104986.7112,Y,99,5.381957526,0.005381958,5.381957526,0,0,0,0,0,0,0,0,0,0,0
Arlington,Soybean,2019,ARL_SB_19,4,CCFH,403,Y,N,2601.851555,161854.5131,Y,99,16.14587258,2.15278301,0,16.14587258,0,0,0,0,0,0,0,0,0,0
Arlington,Soybean,2019,ARL_SB_19,4,CCPT,404,Y,Y,2983.896682,131233.389,Y,99,26.90978763,1.076391505,16.14587258,10.76391505,0,0,0,0,0,0,0,0,0,0
Arlington,Soybean,2019,ARL_SB_19,4,CCLT,405,Y,Y,3478.416022,126858.9427,Y,99,5.381957526,0.005381958,5.381957526,0,0,0,0,0,0,0,0,0,0,0
Arlington,Soybean,2019,ARL_SB_19,4,CCPT,406,Y,N,3055.968365,139982.2816,Y,98,64.58349031,1.614587258,43.0556602,0,0,21.5278301,0,0,0,0,0,0,0,0
Arlington,Soybean,2019,ARL_SB_19,4,NT,407,N,N,3005.079946,166228.9594,Y,98,37.67370268,2.15278301,10.76391505,26.90978763,0,0,0,0,0,0,0,0,0,0
Arlington,Soybean,2019,ARL_SB_19,4,NT,408,N,N,3384.698802,126858.9427,Y,99,5.381957526,2.15278301,5.381957526,0,0,0,0,0,0,0,0,0,0,0
Arlington,Soybean,2019,ARL_SB_19,4,NT,409,N,N,3305.952443,122484.4964,Y,96,21.5278301,1.076391505,0,21.5278301,0,0,0,0,0,0,0,0,0,0
Arlington,Soybean,2019,ARL_SB_19,4,NT,410,N,Y,3427.158908,131233.389,Y,99.9,5.381957526,0.005381958,0,0,0,5.381957526,0,0,0,0,0,0,0,0
Arlington,Soybean,2019,ARL_SB_19,4,CCET,411,Y,Y,3131.570156,135607.8353,Y,99,16.14587258,0.005381958,0,0,0,16.14587258,0,0,0,0,0,0,0,0
Arlington,Soybean,2019,ARL_SB_19,4,CCLT,412,Y,N,2738.192452,135607.8353,Y,99,5.381957526,0.005381958,5.381957526,0,0,0,0,0,0,0,0,0,0,0
Arlington,Soybean,2020,ARL_SB_20,1,CT,101,N,N,3987.972473,174977.852,Y,25,199.9466509,14.32117887,32.49133077,9.1642215,0,155.7917655,0,2.499333136,0,0,0,0,0,0
Arlington,Soybean,2020,ARL_SB_20,1,CT,102,N,Y,3973.712052,196850.0835,Y,90,13.32977673,0.783124383,12.49666568,0,0,0.833111045,0,0,0,0,0,0,0,0
Arlington,Soybean,2020,ARL_SB_20,1,NT,103,N,N,3698.265986,218722.315,Y,10,265.7624235,19.53645402,34.15755286,4.998666273,0,224.9399823,0,1.666222091,0,0,0,0,0,0
Arlington,Soybean,2020,ARL_SB_20,1,NT,104,N,Y,3991.679629,196850.0835,Y,85,25.82644241,2.099439834,23.32710927,0,0,2.499333136,0,0,0,0,0,0,0,0
Arlington,Soybean,2020,ARL_SB_20,1,CCET,105,Y,N,3570.032619,192475.6372,Y,10,228.2724264,36.87349487,97.47399231,1.666222091,0,128.299101,0,0.833111045,0,0,0,0,0,0
Arlington,Soybean,2020,ARL_SB_20,1,CCET,106,Y,Y,3876.645517,170603.4057,Y,80,24.16022032,3.024193095,22.49399823,0,0,1.666222091,0,0,0,0,0,0,0,0
Arlington,Soybean,2020,ARL_SB_20,1,CCPT,107,Y,N,4015.681813,166228.9594,Y,45,134.9639894,18.25346301,71.64754991,4.998666273,0,54.985329,0,3.332444182,0,0,0,0,0,0
Arlington,Soybean,2020,ARL_SB_20,1,CCPT,108,Y,Y,3767.559548,179352.2983,Y,75,32.49133077,3.30745085,27.4926645,0,0,2.499333136,0,2.499333136,0,0,0,0,0,0
Arlington,Soybean,2020,ARL_SB_20,1,CCLT,109,Y,N,3753.51735,201224.5298,Y,99,28.32577554,0.283257755,8.331110454,0.833111045,0,19.16155404,0,0,0,0,0,0,0,0
Arlington,Soybean,2020,ARL_SB_20,1,CCLT,110,Y,Y,3780.1921,196850.0835,Y,99,3.332444182,0.049986663,3.332444182,0,0,0,0,0,0,0,0,0,0,0
Arlington,Soybean,2020,ARL_SB_20,1,CCFH,111,Y,N,3711.815594,188101.1909,Y,20,209.1108724,11.67188575,57.48466213,0,0,149.9599882,0,1.666222091,0,0,0,0,0,0
Arlington,Soybean,2020,ARL_SB_20,1,CCFH,112,Y,Y,3731.568624,161854.5131,Y,79,32.49133077,4.898692947,29.99199764,0,0,2.499333136,0,0,0,0,0,0,0,0
Arlington,Soybean,2020,ARL_SB_20,2,CCET,201,Y,Y,3957.138402,214347.8687,Y,65,50.81977377,6.106703963,50.81977377,0,0,0,0,0,0,0,0,0,0,0
Arlington,Soybean,2020,ARL_SB_20,2,CCET,202,Y,N,3610.501401,209973.4224,Y,10,166.6222091,36.09037049,101.6395475,6.664888363,0,56.65155109,0,1.666222091,0,0,0,0,0,0
Arlington,Soybean,2020,ARL_SB_20,2,CCPT,203,Y,N,3691.593181,192475.6372,Y,30,37.48999704,21.22766944,29.15888659,5.831777318,0,2.499333136,0,0,0,0,0,0,0,0
Arlington,Soybean,2020,ARL_SB_20,2,CCLT,204,Y,Y,3902.247872,205598.9761,Y,99,3.332444182,21.4359472,2.499333136,0,0,0.833111045,0,0,0,0,0,0,0,0
Arlington,Soybean,2020,ARL_SB_20,2,CCPT,205,Y,Y,4072.446508,201224.5298,Y,80,15.82910986,0.058317773,14.99599882,0,0,0.833111045,0,0,0,0,0,0,0,0
Arlington,Soybean,2020,ARL_SB_20,2,CCFH,206,Y,N,4020.272338,209973.4224,Y,5,115.8024353,2.3910287,107.4713249,4.165555227,0,4.165555227,0,0,0,0,0,0,0,0
Arlington,Soybean,2020,ARL_SB_20,2,CCFH,207,Y,Y,3795.851687,161854.5131,Y,60,40.82244123,36.95680597,39.15621913,0,0,1.666222091,0,0,0,0,0,0,0,0
Arlington,Soybean,2020,ARL_SB_20,2,CCLT,208,Y,N,3680.437278,205598.9761,Y,99,4.165555227,7.689614949,3.332444182,0,0,0,0,0.833111045,0,0,0,0,0,0
Arlington,Soybean,2020,ARL_SB_20,2,NT,209,N,N,3761.53879,183726.7446,Y,87,15.82910986,0.058317773,9.997332545,2.499333136,0,0,0,3.332444182,0,0,0,0,0,0
Arlington,Soybean,2020,ARL_SB_20,2,NT,210,N,Y,3875.893905,201224.5298,Y,85,12.49666568,1.65789098,9.997332545,0,0,1.666222091,0,0.833111045,0,0,0,0,0,0
Arlington,Soybean,2020,ARL_SB_20,2,CT,211,N,Y,3675.458595,174977.852,Y,90,4.165555227,0.824779935,3.332444182,0,0,0.833111045,0,0,0,0,0,0,0,0
Arlington,Soybean,2020,ARL_SB_20,2,CT,212,N,N,3541.034159,196850.0835,Y,8,96.64088127,0.299919976,66.64888363,24.99333136,0,4.998666273,0,0,0,0,0,0,0,0
Arlington,Soybean,2020,ARL_SB_20,3,CT,301,N,Y,3785.47023,196850.0835,Y,85,14.16288777,17.75359638,12.49666568,0,0,1.666222091,0,0,0,0,0,0,0,0
Arlington,Soybean,2020,ARL_SB_20,3,CT,302,N,N,3597.479943,174977.852,Y,9,213.2764276,2.707610898,154.9586544,9.997332545,0,48.32044063,0,0,0,0,0,0,0,0
Arlington,Soybean,2020,ARL_SB_20,3,NT,303,N,Y,3677.405376,218722.315,Y,80,21.66088718,41.89715447,19.99466509,0,0,1.666222091,0,0,0,0,0,0,0,0
Arlington,Soybean,2020,ARL_SB_20,3,NT,304,N,N,3840.364877,188101.1909,Y,60,49.15355168,2.57431313,25.82644241,4.165555227,0,18.328443,0,0.833111045,0,0,0,0,0,0
Arlington,Soybean,2020,ARL_SB_20,3,CCFH,305,Y,Y,3955.724638,170603.4057,Y,18,71.64754991,17.75359638,71.64754991,0,0,0,0,0,0,0,0,0,0,0
Arlington,Soybean,2020,ARL_SB_20,3,CCET,306,Y,N,3741.487061,205598.9761,Y,8,152.4593213,9.614101464,109.137547,36.656886,0,5.831777318,0,0.833111045,0,0,0,0,0,0
Arlington,Soybean,2020,ARL_SB_20,3,CCET,307,Y,Y,3618.632888,196850.0835,Y,92,28.32577554,62.69993728,27.4926645,0,0,0,0,0.833111045,0,0,0,0,0,0
Arlington,Soybean,2020,ARL_SB_20,3,CCLT,308,Y,Y,3549.538832,196850.0835,Y,99,3.332444182,7.039788334,3.332444182,0,0,0,0,0,0,0,0,0,0,0
Arlington,Soybean,2020,ARL_SB_20,3,CCPT,309,Y,Y,3737.63692,188101.1909,Y,97,13.32977673,0.074979994,12.49666568,0,0,0.833111045,0,0,0,0,0,0,0,0
Arlington,Soybean,2020,ARL_SB_20,3,CCPT,310,Y,N,3939.633472,192475.6372,Y,18,49.15355168,0.474873296,32.49133077,13.32977673,0,3.332444182,0,0,0,0,0,0,0,0
Arlington,Soybean,2020,ARL_SB_20,3,CCLT,311,Y,N,3541.511029,188101.1909,Y,97,6.664888363,19.93634732,0.833111045,0,0,4.998666273,0,0.833111045,0,0,0,0,0,0
Arlington,Soybean,2020,ARL_SB_20,3,CCFH,312,Y,N,3626.912975,192475.6372,Y,87,38.32310809,0.083311105,31.65821973,0,0,6.664888363,0,0,0,0,0,0,0,0
Arlington,Soybean,2020,ARL_SB_20,4,CCET,401,Y,Y,4247.416834,183726.7446,Y,93,23.32710927,2.366035369,20.82777614,0.833111045,0,1.666222091,0,0,0,0,0,0,0,0
Arlington,Soybean,2020,ARL_SB_20,4,CCLT,402,Y,Y,3559.2106,183726.7446,Y,98,1.666222091,4.798719622,0.833111045,0,0,0.833111045,0,0,0,0,0,0,0,0
Arlington,Soybean,2020,ARL_SB_20,4,CCFH,403,Y,N,3629.439561,214347.8687,Y,20,74.14688304,0.266595535,45.8211075,2.499333136,0,25.82644241,0,0,0,0,0,0,0,0
Arlington,Soybean,2020,ARL_SB_20,4,CCFH,404,Y,Y,3761.10272,135607.8353,Y,84,23.32710927,0.17495332,20.82777614,0,0,2.499333136,0,0,0,0,0,0,0,0
Arlington,Soybean,2020,ARL_SB_20,4,CCLT,405,Y,N,3234.121065,205598.9761,Y,99,1.666222091,13.88796113,0,0,0,1.666222091,0,0,0,0,0,0,0,0
Arlington,Soybean,2020,ARL_SB_20,4,CCPT,406,Y,N,3368.119912,214347.8687,Y,80,20.82777614,3.040855316,15.82910986,4.165555227,0,0.833111045,0,0,0,0,0,0,0,0
Arlington,Soybean,2020,ARL_SB_20,4,NT,407,N,Y,3718.489896,201224.5298,Y,89,6.664888363,0.074979994,6.664888363,0,0,0,0,0,0,0,0,0,0,0
Arlington,Soybean,2020,ARL_SB_20,4,CT,408,N,Y,3742.974191,161854.5131,Y,90,11.66355464,3.590708606,9.997332545,0.833111045,0,0.833111045,0,0,0,0,0,0,0,0
Arlington,Soybean,2020,ARL_SB_20,4,CT,409,N,N,3637.429184,192475.6372,Y,13,44.15488541,1.241335458,29.15888659,6.664888363,0,8.331110454,0,0,0,0,0,0,0,0
Arlington,Soybean,2020,ARL_SB_20,4,NT,410,N,N,3830.794921,183726.7446,Y,20,48.32044063,1.083044359,31.65821973,6.664888363,0,9.997332545,0,0,0,0,0,0,0,0
Arlington,Soybean,2020,ARL_SB_20,4,CCPT,411,Y,Y,3845.59285,201224.5298,Y,84,7.497999409,11.43861465,7.497999409,0,0,0,0,0,0,0,0,0,0,0
Arlington,Soybean,2020,ARL_SB_20,4,CCET,412,Y,N,3755.232247,209973.4224,Y,50,41.65555227,15.26259435,20.82777614,2.499333136,0,16.66222091,0,1.666222091,0,0,0,0,0,0
Lancaster,Corn,2019,LAN_CN_19,1,CT,101,N,N,6627.751773,87488.92601,Y,20,263.7159188,31.7535494,0,21.5278301,215.278301,26.90978763,0,0,0,0,0,0,0,0
Lancaster,Corn,2019,LAN_CN_19,1,NT,102,N,N,6838.909746,96237.81861,Y,45,242.1880887,17.76045983,0,0,242.1880887,0,0,0,0,0,0,0,0,0
Lancaster,Corn,2019,LAN_CN_19,1,CCET,103,Y,N,8157.826886,96237.81861,Y,60,80.72936288,1.614587258,0,0,37.67370268,43.0556602,0,0,0,0,0,0,0,0
Lancaster,Corn,2019,LAN_CN_19,1,CCPT,104,Y,N,7769.324071,96237.81861,Y,90,10.76391505,0.005381958,0,5.381957526,5.381957526,0,0,0,0,0,0,0,0,0
Lancaster,Corn,2019,LAN_CN_19,1,CCFH,105,Y,N,8969.982927,100612.2649,Y,95,0,0,0,0,0,0,0,0,0,0,0,0,0,0
Lancaster,Corn,2019,LAN_CN_19,1,CCLT,106,Y,N,12194.00384,78740.03341,Y,99.9,0,0,0,0,0,0,0,0,0,0,0,0,0,0
Lancaster,Corn,2019,LAN_CN_19,1,CT,107,N,Y,14407.91475,69991.14081,Y,99.9,0,0,0,0,0,0,0,0,0,0,0,0,0,0
Lancaster,Corn,2019,LAN_CN_19,1,NT,108,N,Y,11179.6365,87488.92601,Y,99.9,5.381957526,0.005381958,0,0,0,5.381957526,0,0,0,0,0,0,0,0
Lancaster,Corn,2019,LAN_CN_19,1,CCET,109,Y,Y,9870.523122,91863.37231,Y,99.9,0,0,0,0,0,0,0,0,0,0,0,0,0,0
Lancaster,Corn,2019,LAN_CN_19,1,CCPT,110,Y,Y,6523.418923,69991.14081,Y,99.9,0,0,0,0,0,0,0,0,0,0,0,0,0,0
Lancaster,Corn,2019,LAN_CN_19,1,CCFH,111,Y,Y,6153.679257,96237.81861,Y,99.9,0,0,0,0,0,0,0,0,0,0,0,0,0,0
Lancaster,Corn,2019,LAN_CN_19,1,CCLT,112,Y,Y,7480.527197,87488.92601,Y,99.9,0,0,0,0,0,0,0,0,0,0,0,0,0,0
Lancaster,Corn,2019,LAN_CN_19,2,NT,201,N,Y,7867.357834,91863.37231,Y,99.9,10.76391505,0.538195753,0,0,0,10.76391505,0,0,0,0,0,0,0,0
Lancaster,Corn,2019,LAN_CN_19,2,CCLT,202,Y,N,6338.690911,74365.58711,Y,95,0,0,0,0,0,0,0,0,0,0,0,0,0,0
Lancaster,Corn,2019,LAN_CN_19,2,CCET,203,Y,N,8087.090197,91863.37231,Y,85,26.90978763,2.690978763,0,16.14587258,0,10.76391505,0,0,0,0,0,0,0,0
Lancaster,Corn,2019,LAN_CN_19,2,CT,204,N,Y,14239.25181,87488.92601,Y,99.9,0,0,0,0,0,0,0,0,0,0,0,0,0,0
Lancaster,Corn,2019,LAN_CN_19,2,CCLT,205,Y,Y,11398.03197,78740.03341,Y,99.9,0,0,0,0,0,0,0,0,0,0,0,0,0,0
Lancaster,Corn,2019,LAN_CN_19,2,CCPT,206,Y,N,12845.73568,83114.47971,Y,85,5.381957526,3.229174515,0,5.381957526,0,0,0,0,0,0,0,0,0,0
Lancaster,Corn,2019,LAN_CN_19,2,CCET,207,Y,Y,10701.05616,83114.47971,Y,99.9,0,0,0,0,0,0,0,0,0,0,0,0,0,0
Lancaster,Corn,2019,LAN_CN_19,2,CCFH,208,Y,N,8044.294941,231845.6539,Y,80,32.29174515,6.458349031,0,32.29174515,0,0,0,0,0,0,0,0,0,0
Lancaster,Corn,2019,LAN_CN_19,2,CT,209,N,N,15804.8554,87488.92601,Y,30,16.14587258,44.67024746,0,5.381957526,0,10.76391505,0,0,0,0,0,0,0,0
Lancaster,Corn,2019,LAN_CN_19,2,CCFH,210,Y,Y,7474.39999,78740.03341,Y,90,26.90978763,12.91669806,0,26.90978763,0,0,0,0,0,0,0,0,0,0
Lancaster,Corn,2019,LAN_CN_19,2,NT,211,N,N,10878.14896,65616.69451,Y,85,32.29174515,8.611132041,0,32.29174515,0,0,0,0,0,0,0,0,0,0
Lancaster,Corn,2019,LAN_CN_19,2,CCPT,212,Y,Y,10576.59937,78740.03341,Y,99.9,0,0,0,0,0,0,0,0,0,0,0,0,0,0
Lancaster,Corn,2019,LAN_CN_19,3,CCLT,301,Y,N,7134.440806,87488.92601,Y,99.9,0,0,0,0,0,0,0,0,0,0,0,0,0,0
Lancaster,Corn,2019,LAN_CN_19,3,CCET,302,Y,Y,6654.957896,91863.37231,Y,99.9,0,0,0,0,0,0,0,0,0,0,0,0,0,0
Lancaster,Corn,2019,LAN_CN_19,3,NT,303,N,N,7184.474328,78740.03341,Y,65,102.257193,20.98963435,0,16.14587258,80.72936288,5.381957526,0,0,0,0,0,0,0,0
Lancaster,Corn,2019,LAN_CN_19,3,CCPT,304,Y,Y,7196.533737,78740.03341,Y,99.9,0,0,0,0,0,0,0,0,0,0,0,0,0,0
Lancaster,Corn,2019,LAN_CN_19,3,CCPT,305,Y,N,,,N,,,,,,,,,,,,,,,
Lancaster,Corn,2019,LAN_CN_19,3,CCFH,306,Y,Y,11682.0077,91863.37231,Y,99.9,0,0,0,0,0,0,0,0,0,0,0,0,0,0
Lancaster,Corn,2019,LAN_CN_19,3,CCFH,307,Y,N,8344.538465,83114.47971,Y,99.9,0,0,0,0,0,0,0,0,0,0,0,0,0,0
Lancaster,Corn,2019,LAN_CN_19,3,NT,308,N,Y,11514.15677,74365.58711,Y,99.9,0,0,0,0,0,0,0,0,0,0,0,0,0,0
Lancaster,Corn,2019,LAN_CN_19,3,CT,309,N,Y,16011.88322,96237.81861,Y,99.9,0,0,0,0,0,0,0,0,0,0,0,0,0,0
Lancaster,Corn,2019,LAN_CN_19,3,CCET,310,Y,N,13634.4793,96237.81861,Y,70,10.76391505,0.005381958,0,10.76391505,0,0,0,0,0,0,0,0,0,0
Lancaster,Corn,2019,LAN_CN_19,3,CT,311,Y,N,16436.92036,87488.92601,Y,15,5.381957526,0.005381958,0,5.381957526,0,0,0,0,0,0,0,0,0,0
Lancaster,Corn,2019,LAN_CN_19,3,CCLT,312,Y,Y,10317.55253,74365.58711,Y,99.9,0,0,0,0,0,0,0,0,0,0,0,0,0,0
Lancaster,Corn,2019,LAN_CN_19,4,CCPT,401,Y,N,6734.425826,91863.37231,Y,85,10.76391505,2.690978763,0,5.381957526,5.381957526,0,0,0,0,0,0,0,0,0
Lancaster,Corn,2019,LAN_CN_19,4,NT,402,N,Y,7447.341084,83114.47971,Y,99.9,0,0,0,0,0,0,0,0,0,0,0,0,0,0
Lancaster,Corn,2019,LAN_CN_19,4,CCET,403,Y,Y,9102.305769,78740.03341,Y,99.9,0,0,0,0,0,0,0,0,0,0,0,0,0,0
Lancaster,Corn,2019,LAN_CN_19,4,CCFH,404,Y,N,6869.647135,87488.92601,Y,99.9,0,0,0,0,0,0,0,0,0,0,0,0,0,0
Lancaster,Corn,2019,LAN_CN_19,4,CCPT,405,Y,Y,16258.26791,83114.47971,Y,99.9,0,0,0,0,0,0,0,0,0,0,0,0,0,0
Lancaster,Corn,2019,LAN_CN_19,4,CCLT,406,Y,N,14987.12633,78740.03341,Y,99.9,0,0,0,0,0,0,0,0,0,0,0,0,0,0
Lancaster,Corn,2019,LAN_CN_19,4,CCLT,407,Y,Y,14318.4758,91863.37231,Y,99.9,0,0,0,0,0,0,0,0,0,0,0,0,0,0
Lancaster,Corn,2019,LAN_CN_19,4,CCET,408,Y,N,16073.0944,104986.7112,Y,75,10.76391505,12.91669806,0,10.76391505,0,0,0,0,0,0,0,0,0,0
Lancaster,Corn,2019,LAN_CN_19,4,NT,409,N,N,15848.3112,83114.47971,Y,60,16.14587258,15.60767682,0,10.76391505,0,5.381957526,0,0,0,0,0,0,0,0
Lancaster,Corn,2019,LAN_CN_19,4,CT,410,N,Y,18276.51632,78740.03341,Y,99.9,0,0,0,0,0,0,0,0,0,0,0,0,0,0
Lancaster,Corn,2019,LAN_CN_19,4,CCFH,411,Y,Y,10195.98805,87488.92601,Y,99.9,0,0,0,0,0,0,0,0,0,0,0,0,0,0
Lancaster,Corn,2019,LAN_CN_19,4,CT,412,N,N,18185.23602,87488.92601,Y,99.9,64.58349031,149.0802235,0,64.58349031,0,0,0,0,0,0,0,0,0,0
Lancaster,Corn,2020,LAN_CN_20,1,CT,101,N,N,12805.81126,87488.92601,Y,27,121.6342126,8.481070442,0,54.985329,0,15.82910986,0.833111045,8.331110454,0,2.499333136,0,0,6.664888363,32.49133077
Lancaster,Corn,2020,LAN_CN_20,1,NT,102,N,N,10223.34061,74365.58711,Y,15,208.2777614,23.41042038,0,9.1642215,0,49.98666273,5.831777318,61.65021736,4.165555227,4.998666273,0,0,0,69.14821677
Lancaster,Corn,2020,LAN_CN_20,1,CCET,103,Y,N,11504.49599,83114.47971,Y,63,32.49133077,8.664354872,0,5.831777318,0,5.831777318,0,14.16288777,0.833111045,3.332444182,0,0,0.833111045,1.666222091
Lancaster,Corn,2020,LAN_CN_20,1,CCPT,104,Y,N,13403.68707,87488.92601,Y,82,41.65555227,0,0,4.998666273,0,3.332444182,0,5.831777318,0,1.666222091,0,0,0,25.82644241
Lancaster,Corn,2020,LAN_CN_20,1,CCFH,105,Y,N,12852.57083,83114.47971,Y,75,21.66088718,1.008064365,0,7.497999409,0,3.332444182,0,0.833111045,0,0,0,0,0.833111045,9.1642215
Lancaster,Corn,2020,LAN_CN_20,1,CCLT,106,Y,N,9616.40071,83114.47971,Y,95,0.833111045,1.616235428,0,0,0,0,0,0.833111045,0,0,0,0,0,0
Lancaster,Corn,2020,LAN_CN_20,1,CT,107,N,Y,12719.07141,74365.58711,Y,97,0.833111045,0,0,0,0,0,0.833111045,0,0,0,0,0,0,0
Lancaster,Corn,2020,LAN_CN_20,1,NT,108,N,Y,12815.51162,78740.03341,Y,99.9,0,0.041655552,0,0,0,0,0,0,0,0,0,0,0,0
Lancaster,Corn,2020,LAN_CN_20,1,CCET,109,Y,Y,13488.08612,74365.58711,Y,98,0.833111045,0,0,0,0,0,0,0,0,0.833111045,0,0,0,0
Lancaster,Corn,2020,LAN_CN_20,1,CCPT,110,Y,Y,11564.2666,87488.92601,Y,95,6.664888363,0.041655552,0,0.833111045,0,0.833111045,1.666222091,0,0,0,0,0,0,0
Lancaster,Corn,2020,LAN_CN_20,1,CCFH,111,Y,Y,9201.337674,78740.03341,Y,99,0,0.091642215,0,0,0,0,0,0,0,0,0,0,0,0
Lancaster,Corn,2020,LAN_CN_20,1,CCLT,112,Y,Y,10721.23096,78740.03341,Y,99,0,0,0,0,0,0,0,0,0,0,0,0,0,0
Lancaster,Corn,2020,LAN_CN_20,2,NT,201,N,Y,10561.84112,74365.58711,Y,99,0,0,0,0,0,0,0,0,0,0,0,0,0,0
Lancaster,Corn,2020,LAN_CN_20,2,CCLT,202,Y,N,9638.008522,56867.8019,Y,99,0.833111045,0,0,0,0,0,0,0.833111045,0,0,0,0,0,0
Lancaster,Corn,2020,LAN_CN_20,2,CCET,203,Y,N,14472.84834,83114.47971,Y,30,15.82910986,0,0,2.499333136,0,2.499333136,0,0,3.332444182,0,0,0,1.666222091,5.831777318
Lancaster,Corn,2020,LAN_CN_20,2,CT,204,N,Y,12741.43867,74365.58711,Y,99,0,9.080910395,0,0,0,0,0,0,0,0,0,0,0,0
Lancaster,Corn,2020,LAN_CN_20,2,CCLT,205,Y,Y,12058.72319,65616.69451,Y,96,0,0,0,0,0,0,0,0,0,0,0,0,0,0
Lancaster,Corn,2020,LAN_CN_20,2,CCPT,206,Y,N,11374.83768,74365.58711,Y,81,95.80777022,0,0,4.165555227,0,37.48999704,0,37.48999704,3.332444182,0.833111045,0,0,0,12.49666568
Lancaster,Corn,2020,LAN_CN_20,2,CCET,207,Y,Y,10628.46693,83114.47971,Y,94,2.499333136,7.681283839,0,0,0,0,0,0,0,0,0,0,0,2.499333136
Lancaster,Corn,2020,LAN_CN_20,2,CCFH,208,Y,N,11491.46811,91863.37231,Y,4,389.8959693,0.033324442,0,106.6382138,0,13.32977673,0,4.165555227,0,11.66355464,0,0,0,254.0988689
Lancaster,Corn,2020,LAN_CN_20,2,CT,209,N,N,14020.34432,74365.58711,Y,8,330.745085,32.74126409,0,54.985329,0,8.331110454,0,0,0,1.666222091,0,0,0,265.7624235
Lancaster,Corn,2020,LAN_CN_20,2,CCFH,210,Y,Y,9657.906859,74365.58711,Y,99,31.65821973,31.74986194,0,29.99199764,0,0,0,0,0,0,0,0,0,1.666222091
Lancaster,Corn,2020,LAN_CN_20,2,NT,211,N,N,10285.26513,78740.03341,Y,23,114.9693243,0.049986663,0,19.16155404,0,9.997332545,1.666222091,72.48066095,0,0,0,0.833111045,1.666222091,8.331110454
Lancaster,Corn,2020,LAN_CN_20,2,CCPT,212,Y,Y,11826.22578,91863.37231,Y,98,5.831777318,19.21987182,0,0,0,4.165555227,0,0,0,0.833111045,0,0,0,0.833111045
Lancaster,Corn,2020,LAN_CN_20,3,CCLT,301,Y,N,7289.28698,48118.9093,Y,99,0,0.17495332,0,0,0,0,0,0,0,0,0,0,0,0
Lancaster,Corn,2020,LAN_CN_20,3,CCET,302,Y,Y,9666.426524,74365.58711,Y,98,3.332444182,0,0,0,0,0,0,0,0,0,0,0,0,1.666222091
Lancaster,Corn,2020,LAN_CN_20,3,NT,303,N,N,13256.5658,91863.37231,Y,79,22.49399823,0.033324442,0,1.666222091,0,1.666222091,0,14.99599882,2.499333136,0,0,1.666222091,0,0
Lancaster,Corn,2020,LAN_CN_20,3,CCPT,304,Y,Y,13109.44452,78740.03341,Y,98,2.499333136,4.373832988,0,0,0,1.666222091,0,0,0,0,0,0,0,0.833111045
Lancaster,Corn,2020,LAN_CN_20,3,CCPT,305,Y,N,12083.17767,78740.03341,Y,80,17.49533195,0.083311105,0,1.666222091,0,0,0,9.997332545,0,0,0,0,0,5.831777318
Lancaster,Corn,2020,LAN_CN_20,3,CCFH,306,Y,Y,12056.3261,83114.47971,Y,91,3.332444182,1.599573207,0,0,0,3.332444182,0,0,0,0,0,0,0,0
Lancaster,Corn,2020,LAN_CN_20,3,CCFH,307,Y,N,11362.57479,83114.47971,Y,70,73.313772,0.033324442,0,8.331110454,0,12.49666568,0.833111045,9.997332545,0,0,0,0,0,39.15621913
Lancaster,Corn,2020,LAN_CN_20,3,NT,308,N,Y,14580.39104,87488.92601,Y,97,0,7.348039421,0,0,0,0,0,0,0,0,0,0,0,0
Lancaster,Corn,2020,LAN_CN_20,3,CT,309,N,Y,14831.2404,78740.03341,Y,99,0,0,0,0,0,0,0,0,0,0,0,0,0,0
Lancaster,Corn,2020,LAN_CN_20,3,CCET,310,Y,N,9932.246085,65616.69451,Y,50,214.9426497,0,0,7.497999409,0,27.4926645,0,14.16288777,0.833111045,0,0,0,0,162.4566539
Lancaster,Corn,2020,LAN_CN_20,3,CT,311,N,N,13057.86905,87488.92601,Y,76,70.81443886,32.46633744,0,29.15888659,0,4.165555227,0,4.165555227,0,0,0,0,0,33.32444182
Lancaster,Corn,2020,LAN_CN_20,3,CCLT,312,Y,Y,11752.88313,74365.58711,Y,98,0,6.939815008,0,0,0,0,0,0,0,0,0,0,0,0
Lancaster,Corn,2020,LAN_CN_20,4,CCPT,401,Y,N,9317.77194,83114.47971,Y,80,41.65555227,0,0,0,0,15.82910986,0,24.16022032,0,0,0,0,0,1.666222091
Lancaster,Corn,2020,LAN_CN_20,4,NT,402,N,Y,9473.568469,78740.03341,Y,96,0.833111045,3.007530874,0,0,0,0.833111045,0,0,0,0,0,0,0,0
Lancaster,Corn,2020,LAN_CN_20,4,CCET,403,Y,Y,12524.08967,74365.58711,Y,98,0,0.19161554,0,0,0,0,0,0,0,0,0,0,0,0
Lancaster,Corn,2020,LAN_CN_20,4,CCFH,404,Y,N,12013.86057,78740.03341,Y,60,73.313772,0,0,10.83044359,0,9.1642215,0,9.997332545,0,0,0,0,0,37.48999704
Lancaster,Corn,2020,LAN_CN_20,4,CCPT,405,Y,Y,12712.42856,78740.03341,Y,99,0,15.6208321,0,0,0,0,0,0,0,0,0,0,0,0
Lancaster,Corn,2020,LAN_CN_20,4,CCLT,406,Y,N,11979.11382,74365.58711,Y,97,4.998666273,0,0,0,0,0,0,4.165555227,0,0,0,0,0,0
Lancaster,Corn,2020,LAN_CN_20,4,CCLT,407,Y,Y,10342.31249,69991.14081,Y,99,0.833111045,0.049986663,0,0,0,0,0,0,0,0,0,0,0,0
Lancaster,Corn,2020,LAN_CN_20,4,CCET,408,Y,N,9745.284393,83114.47971,Y,57,47.48732959,0,0,23.32710927,0,17.49533195,0,3.332444182,0.833111045,0,0,0,0,2.499333136
Lancaster,Corn,2020,LAN_CN_20,4,NT,409,N,N,9571.500876,83114.47971,Y,82,58.31777318,46.3792919,0,0.833111045,0,10.83044359,0,34.15755286,0.833111045,0,0,0,0,11.66355464
Lancaster,Corn,2020,LAN_CN_20,4,CT,410,N,Y,15145.86025,78740.03341,Y,99,0,10.13896142,0,0,0,0,0,0,0,0,0,0,0,0
Lancaster,Corn,2020,LAN_CN_20,4,CCFH,411,Y,Y,9200.648609,48118.9093,Y,97,0.833111045,0,0,0,0,0,0,0,0,0.833111045,0,0,0,0
Lancaster,Corn,2020,LAN_CN_20,4,CT,412,N,N,13163.46635,78740.03341,Y,18,281.5915334,0.074979994,0,9.997332545,0,60.81710632,0,154.9586544,0,1.666222091,0,0,0,54.15221795
Lancaster,Soybean,2019,LAN_SB_19,1,CT,101,N,N,,306211.241,Y,30,16.14587258,17.22226408,0,10.76391505,0,0,5.381957526,0,0,0,0,0,0,0
Lancaster,Soybean,2019,LAN_SB_19,1,NT,102,N,N,4964.603935,279964.5632,Y,50,10.76391505,0.005381958,0,5.381957526,0,0,5.381957526,0,0,0,0,0,0,0
Lancaster,Soybean,2019,LAN_SB_19,1,CCET,103,Y,N,5438.190424,293087.9021,Y,75,10.76391505,9.149327794,0,5.381957526,0,5.381957526,0,0,0,0,0,0,0,0
Lancaster,Soybean,2019,LAN_SB_19,1,CCPT,104,Y,N,4972.779965,336832.3651,Y,90,5.381957526,1.076391505,0,0,0,5.381957526,0,0,0,0,0,0,0,0
Lancaster,Soybean,2019,LAN_SB_19,1,CCFH,105,Y,N,4695.021792,310585.6873,Y,99.9,0,0,0,0,0,0,0,0,0,0,0,0,0,0
Lancaster,Soybean,2019,LAN_SB_19,1,CCLT,106,Y,N,4796.311281,293087.9021,Y,99.9,0,0,0,0,0,0,0,0,0,0,0,0,0,0
Lancaster,Soybean,2019,LAN_SB_19,1,CT,107,N,Y,4781.632382,253717.8854,Y,95,0,0,0,0,0,0,0,0,0,0,0,0,0,0
Lancaster,Soybean,2019,LAN_SB_19,1,NT,108,N,Y,4687.078957,306211.241,Y,90,5.381957526,16.68406833,0,5.381957526,0,0,0,0,0,0,0,0,0,0
Lancaster,Soybean,2019,LAN_SB_19,1,CCET,109,Y,Y,4523.688626,253717.8854,Y,80,10.76391505,1.076391505,0,0,0,0,10.76391505,0,0,0,0,0,0,0
Lancaster,Soybean,2019,LAN_SB_19,1,CCPT,110,Y,Y,5094.389187,341206.8114,Y,90,5.381957526,1.614587258,0,0,0,0,5.381957526,0,0,0,0,0,0,0
Lancaster,Soybean,2019,LAN_SB_19,1,CCFH,111,Y,Y,4604.84591,323709.0262,Y,95,0,0,0,0,0,0,0,0,0,0,0,0,0,0
Lancaster,Soybean,2019,LAN_SB_19,1,CCLT,112,Y,Y,5219.304305,297462.3484,Y,99.9,0,0,0,0,0,0,0,0,0,0,0,0,0,0
Lancaster,Soybean,2019,LAN_SB_19,2,NT,201,N,Y,5232.845304,301836.7947,Y,30,5.381957526,54.35777101,0,0,0,0,5.381957526,0,0,0,0,0,0,0
Lancaster,Soybean,2019,LAN_SB_19,2,CCLT,202,Y,N,4522.83595,284339.0095,Y,99.9,0,0,0,0,0,0,0,0,0,0,0,0,0,0
Lancaster,Soybean,2019,LAN_SB_19,2,CCET,203,Y,N,5369.911238,258092.3317,Y,99.9,0,0,0,0,0,0,0,0,0,0,0,0,0,0
Lancaster,Soybean,2019,LAN_SB_19,2,CT,204,N,Y,4511.395573,275590.1169,Y,99.9,0,0,0,0,0,0,0,0,0,0,0,0,0,0
Lancaster,Soybean,2019,LAN_SB_19,2,CCLT,205,Y,Y,4406.741796,306211.241,Y,99.9,0,0,0,0,0,0,0,0,0,0,0,0,0,0
Lancaster,Soybean,2019,LAN_SB_19,2,CCPT,206,Y,N,4530.663124,301836.7947,Y,99.9,0,0,0,0,0,0,0,0,0,0,0,0,0,0
Lancaster,Soybean,2019,LAN_SB_19,2,CCET,207,Y,Y,4041.568269,253717.8854,Y,99.9,0,0,0,0,0,0,0,0,0,0,0,0,0,0
Lancaster,Soybean,2019,LAN_SB_19,2,CCFH,208,Y,N,3765.541649,288713.4558,Y,99.9,0,0,0,0,0,0,0,0,0,0,0,0,0,0
Lancaster,Soybean,2019,LAN_SB_19,2,CT,209,N,N,4472.726468,301836.7947,Y,30,75.34740536,13.45489381,0,75.34740536,0,0,0,0,0,0,0,0,0,0
Lancaster,Soybean,2019,LAN_SB_19,2,CCFH,210,Y,Y,4809.779664,253717.8854,Y,99,0,0,0,0,0,0,0,0,0,0,0,0,0,0
Lancaster,Soybean,2019,LAN_SB_19,2,NT,211,N,N,4907.949662,301836.7947,Y,70,21.5278301,47.36122623,0,21.5278301,0,0,0,0,0,0,0,0,0,0
Lancaster,Soybean,2019,LAN_SB_19,2,CCPT,212,Y,Y,5597.352936,284339.0095,Y,90,0,0,0,0,0,0,0,0,0,0,0,0,0,0
Lancaster,Soybean,2019,LAN_SB_19,3,CCLT,301,Y,N,4281.125597,310585.6873,Y,99.9,0,0,0,0,0,0,0,0,0,0,0,0,0,0
Lancaster,Soybean,2019,LAN_SB_19,3,CCET,302,Y,Y,4781.73644,284339.0095,Y,99.9,0,0,0,0,0,0,0,0,0,0,0,0,0,0
Lancaster,Soybean,2019,LAN_SB_19,3,NT,303,N,N,5199.376847,319334.5799,Y,99.9,16.14587258,3.767370268,0,0,0,16.14587258,0,0,0,0,0,0,0,0
Lancaster,Soybean,2019,LAN_SB_19,3,CCPT,304,Y,Y,5410.370288,249343.4391,Y,99.9,0,0,0,0,0,0,0,0,0,0,0,0,0,0
Lancaster,Soybean,2019,LAN_SB_19,3,CCPT,305,Y,N,4788.285349,328083.4725,Y,99.9,0,0,0,0,0,0,0,0,0,0,0,0,0,0
Lancaster,Soybean,2019,LAN_SB_19,3,CCFH,306,Y,Y,4938.901266,258092.3317,Y,99.9,0,0,0,0,0,0,0,0,0,0,0,0,0,0
Lancaster,Soybean,2019,LAN_SB_19,3,CCFH,307,Y,N,4691.937487,284339.0095,Y,99.9,0,0,0,0,0,0,0,0,0,0,0,0,0,0
Lancaster,Soybean,2019,LAN_SB_19,3,NT,308,N,Y,5098.205266,231845.6539,Y,80,5.381957526,41.44107295,0,5.381957526,0,0,0,0,0,0,0,0,0,0
Lancaster,Soybean,2019,LAN_SB_19,3,CT,309,N,Y,4818.777301,301836.7947,Y,90,0,0,0,0,0,0,0,0,0,0,0,0,0,0
Lancaster,Soybean,2019,LAN_SB_19,3,CCET,310,Y,N,5191.290278,319334.5799,Y,80,5.381957526,0.005381958,0,5.381957526,0,0,0,0,0,0,0,0,0,0
Lancaster,Soybean,2019,LAN_SB_19,3,CT,311,N,N,4803.644741,306211.241,Y,20,145.3128532,36.05911542,0,64.58349031,0,80.72936288,0,0,0,0,0,0,0,0
Lancaster,Soybean,2019,LAN_SB_19,3,CCLT,312,Y,Y,5505.152791,310585.6873,Y,99.9,0,0,0,0,0,0,0,0,0,0,0,0,0,0
Lancaster,Soybean,2019,LAN_SB_19,4,CCPT,401,Y,N,5193.528645,293087.9021,Y,85,5.381957526,1.614587258,0,0,0,0,5.381957526,0,0,0,0,0,0,0
Lancaster,Soybean,2019,LAN_SB_19,4,NT,402,N,Y,5199.769497,266841.2243,Y,90,0,0,0,0,0,0,0,0,0,0,0,0,0,0
Lancaster,Soybean,2019,LAN_SB_19,4,CCET,403,Y,Y,5715.533114,253717.8854,Y,99.9,0,0,0,0,0,0,0,0,0,0,0,0,0,0
Lancaster,Soybean,2019,LAN_SB_19,4,CCFH,404,Y,N,5503.340761,293087.9021,Y,99.9,0,0,0,0,0,0,0,0,0,0,0,0,0,0
Lancaster,Soybean,2019,LAN_SB_19,4,CCPT,405,Y,Y,5862.089276,236220.1002,Y,99.9,0,0,0,0,0,0,0,0,0,0,0,0,0,0
Lancaster,Soybean,2019,LAN_SB_19,4,CCLT,406,Y,N,2577.940327,78740.03341,Y,99.9,0,0,0,0,0,0,0,0,0,0,0,0,0,0
Lancaster,Soybean,2019,LAN_SB_19,4,CCLT,407,Y,Y,5442.158847,349955.704,Y,99.9,0,0,0,0,0,0,0,0,0,0,0,0,0,0
Lancaster,Soybean,2019,LAN_SB_19,4,CCET,408,Y,N,5212.88341,258092.3317,Y,75,5.381957526,3.229174515,0,0,0,5.381957526,0,0,0,0,0,0,0,0
Lancaster,Soybean,2019,LAN_SB_19,4,NT,409,N,N,5360.647841,227471.2076,Y,90,0,0,0,0,0,0,0,0,0,0,0,0,0,0
Lancaster,Soybean,2019,LAN_SB_19,4,CT,410,N,Y,5471.527873,288713.4558,Y,95,0,0,0,0,0,0,0,0,0,0,0,0,0,0
Lancaster,Soybean,2019,LAN_SB_19,4,CCFH,411,Y,Y,5242.33703,345581.2577,Y,99.9,0,0,0,0,0,0,0,0,0,0,0,0,0,0
Lancaster,Soybean,2019,LAN_SB_19,4,CT,412,N,N,6136.581229,319334.5799,Y,30,43.0556602,9.687523546,0,5.381957526,0,37.67370268,0,0,0,0,0,0,0,0
Lancaster,Soybean,2020,LAN_SB_20,1,CT,101,N,N,3769.13202,139982.2816,Y,40,144.1282109,4.165555227,0,8.331110454,71.64754991,20.82777614,0,14.99599882,13.32977673,14.99599882,0,0,0,0
Lancaster,Soybean,2020,LAN_SB_20,1,NT,102,N,N,4580.917838,192475.6372,Y,45,80.81177141,4.857037395,0,10.83044359,12.49666568,11.66355464,0,14.99599882,28.32577554,1.666222091,0.833111045,0,0,0
Lancaster,Soybean,2020,LAN_SB_20,1,CCET,103,Y,N,4470.708194,161854.5131,Y,40,37.48999704,2.515995357,0,1.666222091,0,9.1642215,0,21.66088718,4.998666273,0,0,0,0,0
Lancaster,Soybean,2020,LAN_SB_20,1,CCPT,104,Y,N,,,N,,,,,,,,,,,,,,,
Lancaster,Soybean,2020,LAN_SB_20,1,CCFH,105,Y,N,4991.356916,192475.6372,Y,70,34.15755286,0.033324442,0,0.833111045,0,9.1642215,0,15.82910986,8.331110454,0,0,0,0,0
Lancaster,Soybean,2020,LAN_SB_20,1,CCLT,106,Y,N,4708.779891,236220.1002,Y,97,12.49666568,0.00833111,0,0,3.332444182,0,0,9.1642215,0,0,0,0,0,0
Lancaster,Soybean,2020,LAN_SB_20,1,CT,107,N,Y,4024.567158,109361.1575,Y,98,1.666222091,0.19161554,0,0,0,0.833111045,0,0.833111045,0,0,0,0,0,0
Lancaster,Soybean,2020,LAN_SB_20,1,NT,108,N,Y,4303.240891,179352.2983,Y,97,18.328443,0.099973325,0,0,0,4.165555227,0,13.32977673,0,0.833111045,0,0,0,0
Lancaster,Soybean,2020,LAN_SB_20,1,CCET,109,Y,Y,4444.117289,201224.5298,Y,98,20.82777614,0.17495332,0,0,0,0.833111045,0,19.99466509,0,0,0,0,0,0
Lancaster,Soybean,2020,LAN_SB_20,1,CCPT,110,Y,Y,4342.125597,157480.0668,Y,96,21.66088718,0.158291099,0,0,0,0,0,21.66088718,0,0,0,0,0,0
Lancaster,Soybean,2020,LAN_SB_20,1,CCFH,111,Y,Y,4409.478743,161854.5131,Y,93,25.82644241,0.024993331,0,0,0,1.666222091,0,24.16022032,0,0,0,0,0,0
Lancaster,Soybean,2020,LAN_SB_20,1,CCLT,112,Y,Y,4485.995719,231845.6539,Y,99,6.664888363,0.124966657,0,0,0,0,0,6.664888363,0,0,0,0,0,0
Lancaster,Soybean,2020,LAN_SB_20,2,NT,201,N,Y,4646.227631,196850.0835,Y,93,9.997332545,0.016662221,0,0,4.165555227,1.666222091,0,4.165555227,0,0,0,0,0,0
Lancaster,Soybean,2020,LAN_SB_20,2,CCLT,202,Y,N,4770.34098,244968.9928,Y,98,3.332444182,3.040855316,0,0,0.833111045,0,0,2.499333136,0,0,0,0,0,0
Lancaster,Soybean,2020,LAN_SB_20,2,CCET,203,Y,N,4840.586784,231845.6539,Y,50,32.49133077,0.016662221,0,1.666222091,13.32977673,10.83044359,0,1.666222091,4.165555227,0.833111045,0,0,0,0
Lancaster,Soybean,2020,LAN_SB_20,2,CT,204,N,Y,4382.92976,157480.0668,Y,99,4.165555227,0.033324442,0,0,0,0,0,4.165555227,0,0,0,0,0,0
Lancaster,Soybean,2020,LAN_SB_20,2,CCLT,205,Y,Y,5097.702569,209973.4224,Y,99,3.332444182,0.091642215,0,0,0,0,0,3.332444182,0,0,0,0,0,0
Lancaster,Soybean,2020,LAN_SB_20,2,CCPT,206,Y,N,4891.861865,227471.2076,Y,90,11.66355464,0.083311105,0,2.499333136,0,0,0,5.831777318,2.499333136,0.833111045,0,0,0,0
Lancaster,Soybean,2020,LAN_SB_20,2,CCET,207,Y,Y,4197.448466,183726.7446,Y,99,9.997332545,2.807584223,0,0,0,1.666222091,0,8.331110454,0,0,0,0,0,0
Lancaster,Soybean,2020,LAN_SB_20,2,CCFH,208,Y,N,,,N,,,,,,,,,,,,,,,
Lancaster,Soybean,2020,LAN_SB_20,2,CT,209,N,N,3895.940393,100612.2649,Y,85,14.99599882,0.033324442,0,1.666222091,0,3.332444182,0,0,0,2.499333136,5.831777318,1.666222091,0,0
Lancaster,Soybean,2020,LAN_SB_20,2,CCFH,210,Y,Y,4099.019446,170603.4057,Y,98,3.332444182,1.924486515,0,0,0,0,0,3.332444182,0,0,0,0,0,0
Lancaster,Soybean,2020,LAN_SB_20,2,NT,211,N,N,4399.436035,174977.852,Y,85,16.66222091,0.074979994,0,0.833111045,0.833111045,4.165555227,0,8.331110454,2.499333136,0,0,0,0,0
Lancaster,Soybean,2020,LAN_SB_20,2,CCPT,212,Y,Y,4943.124967,223096.7613,Y,95,4.165555227,0,0,0,0,0,0,4.165555227,0,0,0,0,0,0
Lancaster,Soybean,2020,LAN_SB_20,3,CCLT,301,Y,N,4795.148677,113735.6038,Y,97,0.833111045,0.058317773,0,0,0,0,0,0,0.833111045,0,0,0,0,0
Lancaster,Soybean,2020,LAN_SB_20,3,CCET,302,Y,Y,4687.751965,240594.5465,Y,94,12.49666568,2.107770945,0,0,0,8.331110454,0,4.165555227,0,0,0,0,0,0
Lancaster,Soybean,2020,LAN_SB_20,3,NT,303,N,N,4788.664898,231845.6539,Y,45,47.48732959,0.049986663,0,3.332444182,30.82510868,2.499333136,0,5.831777318,2.499333136,2.499333136,0,0,0,0
Lancaster,Soybean,2020,LAN_SB_20,3,CCPT,304,Y,Y,4960.840259,249343.4391,Y,99,4.998666273,1.133031022,0,0,0,0,0,4.998666273,0,0,0,0,0,0
Lancaster,Soybean,2020,LAN_SB_20,3,CCPT,305,Y,N,4932.837087,253717.8854,Y,75,23.32710927,0.033324442,0,6.664888363,0,1.666222091,0,9.997332545,3.332444182,0.833111045,0,0.833111045,0,0
Lancaster,Soybean,2020,LAN_SB_20,3,CCFH,306,Y,Y,4758.54426,227471.2076,Y,97,4.165555227,0.758131051,0,0,0,0,0,3.332444182,0,0,0,0.833111045,0,0
Lancaster,Soybean,2020,LAN_SB_20,3,CCFH,307,Y,N,4705.593024,218722.315,Y,75,26.65955345,0.074979994,0,3.332444182,0.833111045,1.666222091,0,14.16288777,3.332444182,0,0,3.332444182,0,0
Lancaster,Soybean,2020,LAN_SB_20,3,NT,308,N,Y,4598.699383,218722.315,Y,99,6.664888363,0.024993331,0,0,0,0,0,6.664888363,0,0,0,0,0,0
Lancaster,Soybean,2020,LAN_SB_20,3,CT,309,N,Y,4544.255403,131233.389,Y,99,3.332444182,1.133031022,0,0,0,0,0,3.332444182,0,0,0,0,0,0
Lancaster,Soybean,2020,LAN_SB_20,3,CCET,310,Y,N,4799.575254,214347.8687,Y,70,17.49533195,0.37489997,0,5.831777318,0,0,0,6.664888363,4.998666273,0,0,0,0,0
Lancaster,Soybean,2020,LAN_SB_20,3,CT,311,N,N,4637.561631,161854.5131,Y,79,11.66355464,0,0,3.332444182,0,1.666222091,0,4.165555227,0,1.666222091,0,0.833111045,0,0
Lancaster,Soybean,2020,LAN_SB_20,3,CCLT,312,Y,Y,4643.482075,244968.9928,Y,99,1.666222091,0.024993331,0,0,0,0,0,1.666222091,0,0,0,0,0,0
Lancaster,Soybean,2020,LAN_SB_20,4,CCPT,401,Y,N,,,N,,,,,,,,,,,,,,,
Lancaster,Soybean,2020,LAN_SB_20,4,NT,402,N,Y,4715.286128,214347.8687,Y,97,3.332444182,0.974739923,0,0,0,1.666222091,0,1.666222091,0,0,0,0,0,0
Lancaster,Soybean,2020,LAN_SB_20,4,CCET,403,Y,Y,4658.069268,201224.5298,Y,90,10.83044359,0.158291099,0,0,0,2.499333136,0,8.331110454,0,0,0,0,0,0
Lancaster,Soybean,2020,LAN_SB_20,4,CCFH,404,Y,N,4644.054394,223096.7613,Y,75,42.48866332,0.00833111,0,0,0,0.833111045,0,14.99599882,23.32710927,2.499333136,0,0.833111045,0,0
Lancaster,Soybean,2020,LAN_SB_20,4,CCPT,405,Y,Y,4734.122475,179352.2983,Y,97,6.664888363,0.00833111,0,0.833111045,0,1.666222091,0,3.332444182,0,0.833111045,0,0,0,0
Lancaster,Soybean,2020,LAN_SB_20,4,CCLT,406,Y,N,4522.542492,174977.852,Y,98,4.165555227,1.124699911,0,1.666222091,0,0.833111045,0,0.833111045,0,0.833111045,0,0,0,0
Lancaster,Soybean,2020,LAN_SB_20,4,CCLT,407,Y,Y,4626.241407,262466.778,Y,99,1.666222091,0.18328443,0,0,0,0,0,1.666222091,0,0,0,0,0,0
Lancaster,Soybean,2020,LAN_SB_20,4,CCET,408,Y,N,4792.276231,266841.2243,Y,70,19.16155404,0.049986663,0,0.833111045,0.833111045,3.332444182,0,11.66355464,0.833111045,0,1.666222091,0,0,0
Lancaster,Soybean,2020,LAN_SB_20,4,NT,409,N,N,4783.295063,240594.5465,Y,65,10.83044359,0.291588866,0,0.833111045,0,0,0,8.331110454,1.666222091,0,0,0,0,0
Lancaster,Soybean,2020,LAN_SB_20,4,CT,410,N,Y,4404.897202,139982.2816,Y,96,4.165555227,1.083044359,0,0,0,0,0,4.165555227,0,0,0,0,0,0
Lancaster,Soybean,2020,LAN_SB_20,4,CCFH,411,Y,Y,4756.837037,209973.4224,Y,85,14.99599882,0,0,0,0,0,0,14.99599882,0,0,0,0,0,0
Lancaster,Soybean,2020,LAN_SB_20,4,CT,412,N,N,4946.935806,196850.0835,Y,70,23.32710927,0,0,16.66222091,0,0.833111045,0,1.666222091,0.833111045,0,3.332444182,0,0,0
